serie,titre,tome,isbn,genre,nom_s,prenom_s,nom_d,prenom_d,editeur,date_parution
Aya de Yopougon,"Aya de Yopougon, Tome 1",1,2070573117,Tranche de vie,Abouet, Marguerite,Oubrerie, Clément,Gallimard,2005-11-17
Aya de Yopougon,"Aya de Yopougon, Tome 2",2,2070575888,Tranche de vie,Abouet, Marguerite,Oubrerie, Clément,Gallimard,2006-09-15
Aya de Yopougon,"Aya de Yopougon, Tome 4",4,2070619958,Tranche de vie,Abouet, Marguerite,Oubrerie, Clément,Gallimard,2008-11-21
Aya de Yopougon,"Aya de Yopougon, Tome 5",5,2070628035,Tranche de vie,Abouet, Marguerite,Oubrerie, Clément,Gallimard,2009-11-04
Aya de Yopougon,"Aya de Yopougon, Tome 6",6,2070695123,Tranche de vie,Abouet, Marguerite,Oubrerie, Clément,Gallimard,2010-11-15
Maus,Intégrale Maus,0,2080675346,Biographie,Spiegelman, Art,Spiegelman, Art,Flammarion,1998-02-01
Tintin (Éditions Casterman couleurs),Tintin au Congo,2,2203001011,Aventure,Hergé,,Hergé,,Casterman,1975-01-01
Tintin (Éditions Casterman couleurs),Les cigares du pharaon,4,2203001038,Aventure,Hergé,,Hergé,,Casterman,1980-09-01
Tintin (Éditions Casterman couleurs),Le lotus bleu,5,2203001046,Aventure,Hergé,,Hergé,,Casterman,1993-01-01
Tintin (Éditions Casterman couleurs),L'île noire,7,2203001062,Aventure,Hergé,,Hergé,,Casterman,1993-05-01
Tintin (Éditions Casterman couleurs),L'étoile mystérieuse,10,2203001097,Aventure,Hergé,,Hergé,,Casterman,1987-01-01
Tintin (Éditions Casterman couleurs),Le trésor de Rackham Le Rouge,12,2203001119,Aventure,Hergé,,Hergé,,Casterman,1993-05-01
Tintin (Éditions Casterman couleurs),Les 7 boules de cristal,13,2203001127,Aventure,Hergé,,Hergé,,Casterman,1993-05-01
Tintin (Éditions Casterman couleurs),Tintin au pays de l'or noir,15,2203001143,Aventure,Hergé,,Hergé,,Casterman,1993-05-01
Tintin (Éditions Casterman couleurs),L'affaire Tournesol,18,2203001178,Aventure,Hergé,,Hergé,,Casterman,1990-01-01
Tintin (Éditions Casterman couleurs),Coke en stock,19,2203001186,Aventure,Hergé,,Hergé,,Casterman,1993-05-01
Tintin (Éditions Casterman couleurs),Tintin au Tibet,20,2203001194,Aventure,Hergé,,Hergé,,Casterman,1993-05-01
Tintin (Éditions Casterman couleurs),Les bijoux de la Castafiore,21,2203001208,Aventure,Hergé,,Hergé,,Casterman,1987-01-01
Tintin (Éditions Casterman couleurs),Tintin et les Picaros,23,2203001232,Aventure,Hergé,,Hergé,,Casterman,1976-01-01
Yakari,Yakari et Nanabozo,4,2203303042,Aventure,Job,,Derib,,Casterman,1978-09-01
Quick et Flupke (2e réédition couleurs),Jeux interdits,2,2203324015,Humour,Hergé,,Hergé,,Casterman,1985-09-01
Le Singe Et La ...,Le singe et la sirène,1,2203389818,Romans Graphiques,Angeli, Eliane,Dumontheuil, Nicolas,Casterman,2001-10-01
Cyclopes,La recrue,1,2203392274,Science-Fiction,Matz,,Jacamon, Luc,Casterman,2005-09-21
Cyclopes,Le héros,2,2203392606,Science-Fiction,Matz,,Jacamon, Luc,Casterman,2006-09-22
Une aventure d'Astérix le Gaulois ,Astérix et les Normands,9,2205001906,Aventures Humoristiques,Goscinny, René,Uderzo, Albert,Dargaud,1974-04-01
Une aventure d'Astérix le Gaulois ,Le domaine des dieux,17,2205005820,Aventures Humoristiques,Goscinny, René,Uderzo, Albert,Dargaud,1979-01-01
Une aventure d'Astérix le Gaulois ,Le devin,19,2205006509,Aventures Humoristiques,Goscinny, René,Uderzo, Albert,Dargaud,1972-10-01
Une aventure d'Astérix le Gaulois ,Obélix et compagnie,23,2205009214,Aventures Humoristiques,Goscinny, René,Uderzo, Albert,Dargaud,1976-04-01
Une aventure d'Astérix le Gaulois ,Astérix chez les Belges,24,2205011502,Aventures Humoristiques,Goscinny, René,Uderzo, Albert,Dargaud,1979-01-01
La quête de l'oiseau du temps,Le temple de l'oubli,2,2205025767,Héroic - Fantasy,Le Tendre, Serge,Loisel, Régis,Dargaud,1984-01-01
Percevan,Le pays d'Aslor,4,2205028278,Héroic - Fantasy,Léturgie, Jean,Luguy, Philippe,Dargaud,1985-05-01
La quête de l'oiseau du temps,Le Rige,3,2205029525,Héroic - Fantasy,Le Tendre, Serge,Loisel, Régis,Dargaud,1985-11-01
Léonard,Le poids du génie,14,2205031201,Humour,De Groot, Bob,Turk,,Dargaud,1986-10-01
Le quatrième pouvoir,Le quatrième pouvoir,1,2205038680,Science-Fiction,Gimenez, Juan,Gimenez, Juan,Dargaud,1989-05-01
CRS = Détresse,C.R.S = Détresse,1,2205047159,Humour,Achdé,,Achdé,,Dargaud,1993-01-01
Merlin,Jambon et Tartine,1,2205047949,Aventures Humoristiques,Sfar, Joann,Munuera, José-Luis,Dargaud,1999-04-01
Merlin,Contre le père Noël,2,2205049038,Aventures Humoristiques,Sfar, Joann,Munuera, José-Luis,Dargaud,1999-11-01
CRS = Détresse,"Coups, coups c'est nous!",8,2205049232,Humour,Corre, G.,Achdé,,Dargaud,2000-03-01
Blacksad,Quelque part entre les ombres,1,2205049658,Polar-Thriller,Diaz Canales, Juan,Guarnido, Juanjo,Dargaud,2000-11-10
Merlin,Va à la plage,3,2205049720,Aventures Humoristiques,Sfar, Joann,Munuera, José-Luis,Dargaud,2000-07-01
W.E.S.T,La chute de Babylone,1,2205050699,Aventures Fantastiques,Dorison, Xavier,Rossi, Christian,Dargaud,2003-08-01
Blacksad,Arctic-Nation,2,2205051997,Polar-Thriller,Diaz Canales, Juan,Guarnido, Juanjo,Dargaud,2003-03-01
Le chat du rabbin,La Bar-Mitsva,1,2205052071,Fantastique-Etrange,Sfar, Joann,Sfar, Joann,Dargaud,2002-01-01
Le retour à la terre,La vraie vie,1,2205053213,Humour,Ferri, Jean-Yves,Larcenet, Manu,Dargaud,2002-10-01
Le combat ordinaire,Le combat ordinaire,1,2205054252,Société,Larcenet, Manu,Larcenet, Manu,Dargaud,2003-03-01
Merlin,Merlin Papa,6,2205055275,Aventures Humoristiques,Morvan, Jean-David,Munuera, José-Luis,Dargaud,2003-11-01
W.E.S.T,Century Club,2,2205055585,Aventures Fantastiques,Dorison, Xavier,Rossi, Christian,Dargaud,2005-03-01
Nic Oumouk,Total souk pour Nic Oumouk,1,2205056867,Humour,Larcenet, Manu,Larcenet, Manu,Dargaud,2005-04-01
W.E.S.T,El Santero,3,2205057626,Aventures Fantastiques,Dorison, Xavier,Rossi, Christian,Dargaud,2006-09-22
Les veritables légendes urbaines,"Les véritables légendes urbaines, Tome 1",1,2205058940,Polar-Thriller,Corbeyran, Éric,Collectif,,Dargaud,2007-02-02
W.E.S.T,Le 46e Etat,4,2205059645,Aventures Fantastiques,Dorison, Xavier,Rossi, Christian,Dargaud,2008-01-01
Nic Oumouk,La France a peur de Nic Oumouk,2,2205059971,Humour,Larcenet, Manu,Larcenet, Manu,Dargaud,2007-04-06
Blacksad,"L'enfer, le silence",4,2205063138,Polar-Thriller,Diaz Canales, Juan,Guarnido, Juanjo,Dargaud,2010-09-17
Blacksad,Amarillo,5,2205071807,Polar-Thriller,Diaz Canales, Juan,Guarnido, Juanjo,Dargaud,2013-11-15
Amerikkka,Les canyons de la mort,1,2258056748,Polar-Thriller,Martin, Roger,Otéro, Nicolas,Hors Collection,2002-01-01
Amerikkka,Les bayous de la haine,2,2258059259,Polar-Thriller,Martin, Roger,Otéro, Nicolas,Hors Collection,2003-01-01
Lanfeust des étoiles,Le secret des Dolphantes,7,2302000315,Héroic - Fantasy,Arleston, Christophe,Tarquin, Didier,Soleil Productions,2007-12-12
Le syndrome de Caïn,Les frères d'Enoch,3,2302000676,Aventures Fantastiques,Tackian, Nicolas,Red,,Soleil Productions,2008-01-23
Les p'tits diables,De vrais p'tits anges !,7,2302001095,Jeunesse,Dutto, Olivier,Dutto, Olivier,Soleil Productions,2008-03-26
Trolls de Troy,Trollympiades,11,2302002016,Héroic - Fantasy,Arleston, Christophe,Mourier, Jean-Louis,Soleil Productions,2008-06-01
Les conquérants de Troy,Eckmul le bûcheron,2,2302002091,Héroic - Fantasy,Arleston, Christophe,Tota, Ciro,Soleil Productions,2008-10-22
Cross Fire,Mourir et laisser vivre,3,2302002164,Polar-Thriller,Sala, Jean-Luc,Chan, Pierre-Mony,Soleil Productions,2008-06-25
Le syndrome de Caïn,La rose et la croix,4,2302002334,Aventures Fantastiques,Tackian, Nicolas,Mutti, Andrea,Soleil Productions,2008-07-23
Atalante,L'envol des Boréades,4,2302003667,Héroic - Fantasy,Crisse, Didier,Crisse, Didier,Soleil Productions,2009-06-24
Les p'tits diables,"Un frère, ça suffit !!!",8,2302004299,Jeunesse,Dutto, Olivier,Dutto, Olivier,Soleil Productions,2008-09-24
Trolls de Troy,Sang famille,12,2302006305,Héroic - Fantasy,Arleston, Christophe,Mourier, Jean-Louis,Soleil Productions,2009-07-22
Trolls de Troy,Poils de trolls (II),16,2302022947,Héroic - Fantasy,Arleston, Christophe,Mourier, Jean-Louis,Soleil Productions,2012-06-20
"Remains - Roulette, zombie et canon scié","Remains - Roulette, zombie et canon scié",0,2350780457,Comics,Niles, Steve,Dwyer, Kieron,Bamboo Éditions,2005-10-01
Les Rugbymen,si on gagne pas on a perdu!,2,2350780481,Humour,Béka,,Poupard,,Bamboo Éditions,2005-09-14
Le Messager,"Demain, les écritures...",4,2350783162,Polar-Thriller,Richez, Hervé,Mig,,Bamboo Éditions,2008-05-02
Les Rugbymen,"Le résultat on s'en fout, il faut gagner",7,2350785866,Humour,Béka,,Poupard,,Bamboo Éditions,2009-01-28
Aliens vs Predator vs The terminator (En français),Aliens vs Predator vs The terminator,0,2353090133,Comics,Schultz, Mark,Rubi, Mel,Wetta World Wide,2007-09-17
Le donjon de Naheulbeuk,Deuxième saison - Partie 2,4,2353250335,Humour,Poc Lang, John,Poinsot, Marion,Clair de Lune,2007-11-15
Al' Togo,SMS Republik,4,2505000654,Polar-Thriller,Morvan, Jean-David,Savoia, Sylvain,Dargaud,2008-01-18
Empire USA,"Empire USA (saison 1), Tome 1",1,2505003963,Polar-Thriller,Desberg, Stephen,Griffo,,Dargaud,2008-09-19
Les passagers du vent,La fille sous la dunette,1,2723401324,Aventures Historiques,Bourgeon, François,Bourgeon, François,Glénat,1981-09-01
Les passagers du vent,Le ponton,2,2723401642,Aventures Historiques,Bourgeon, François,Bourgeon, François,Casterman,1983-02-01
Les passagers du vent,Le comptoir de Juda,3,2723402150,Aventures Historiques,Bourgeon, François,Bourgeon, François,Glénat,1983-07-01
Les passagers du vent,L'heure du serpent,4,2723402908,Aventures Historiques,Bourgeon, François,Bourgeon, François,Glénat,1982-04-01
Les passagers du vent,Le bois d'ébène,5,2723404404,Aventures Historiques,Bourgeon, François,Bourgeon, François,Glénat,1984-05-01
Sambre,Plus ne m'est rien...,1,2723406415,Drame,Balac,,Yslaire,,Glénat,1986-06-01
Les pionniers du nouveau monde,Le champ d'en haut,3,2723407454,Historique,Charles, Jean-François,Charles, Jean-François,Glénat,1987-01-01
Les pionniers du nouveau monde,La croix de Saint Louis,4,2723408965,Historique,Charles, Jean-François,Charles, Jean-François,Glénat,1988-01-01
Sambre,Je sais que tu viendras...,2,2723411397,Drame,Yslaire,,Yslaire,,Glénat,1990-11-01
Sambre,"Révolution, révolution...",3,2723415163,Drame,Yslaire,,Yslaire,,Glénat,1993-11-01
Titeuf,"Dieu, le sexe et les bretelles",1,2723415937,Humour,Zep,,Zep,,Glénat,1993-01-01
Titeuf,"L'Amour, c'est pô propre...",2,2723416372,Humour,Zep,,Zep,,Glénat,1993-07-01
Titeuf,Ça épate les filles...,3,2723417433,Humour,Zep,,Zep,,Glénat,1994-05-01
Titeuf,C'est pô juste...,4,2723418405,Humour,Zep,,Zep,,Glénat,1995-05-01
Titeuf,et le derrière des choses,5,2723421368,Humour,Zep,,Zep,,Glénat,1996-06-01
Le troisième testament,Marc ou le réveil du lion,1,2723423255,Aventures Fantastiques,Dorison, Xavier,Alice, Alex,Glénat,1997-06-01
Titeuf,"Tchô, monde cruel",6,2723423883,Humour,Zep,,Zep,,Glénat,1997-08-01
Titeuf,Le miracle de la vie,7,2723426548,Humour,Zep,,Zep,,Glénat,1998-09-01
Le troisième testament,Matthieu ou le visage de l'ange,2,2723426599,Aventures Fantastiques,Dorison, Xavier,Alice, Alex,Glénat,1998-11-01
Le guide du Zizi sexuel,Le guide du Zizi sexuel,0,2723428028,Humour,Zep,,Zep,,Glénat,2001-09-01
Le troisième testament,Luc ou le souffle du taureau,3,2723430006,Aventures Fantastiques,Dorison, Xavier,Alice, Alex,Glénat,2000-11-01
Le triangle secret,Le testament du fou,1,2723430189,Aventures Historiques,Convard, Didier,Falque, Denis,Glénat,2000-04-01
Le triangle secret,Le jeune homme au suaire,2,2723431010,Aventures Historiques,Convard, Didier,Falque, Denis,Glénat,2000-11-01
HK (NE),Massilia (2.1 : 2nd cycle),7,2723431452,Science-Fiction,Morvan, Jean-David,Hérault, Kevin,Glénat,2001-01-01
Titeuf,Lâchez-moi le slip !,8,2723432696,Humour,Zep,,Zep,,Glénat,2000-08-01
Le triangle secret,De cendre et d'or,3,2723433226,Aventures Historiques,Convard, Didier,Falque, Denis,Glénat,2001-04-01
Titeuf,La loi du préau,9,2723434249,Humour,Zep,,Zep,,Glénat,2002-08-01
Le triangle secret,L'évangile oublié,4,2723434753,Aventures Historiques,Convard, Didier,Falque, Denis,Glénat,2001-11-01
Le triangle secret,L'infâme mensonge,5,2723434982,Aventures Historiques,Convard, Didier,Falque, Denis,Glénat,2002-04-01
Sambre,Maudit soit le fruit de ses entrailles...,5,2723435482,Drame,Yslaire,,Yslaire,,Glénat,2003-09-01
Le legs de l'alchimiste,Joachim Overbeck,1,2723435652,Fantastique-Etrange,Hubert,,Tanquerelle, Hervé,Glénat,2002-01-01
Le troisième testament,Jean ou le jour du corbeau,4,2723437329,Aventures Fantastiques,Dorison, Xavier,Alice, Alex,Glénat,2003-06-11
Le triangle secret,La parole perdue,6,2723437353,Aventures Historiques,Convard, Didier,Falque, Denis,Glénat,2002-11-01
Le triangle secret,L'imposteur,7,2723438295,Aventures Historiques,Convard, Didier,Collectif,,Glénat,2003-03-01
HK (NE),Avalon (1.1),1,2723439453,Science-Fiction,Morvan, Jean-David,Hérault, Kevin,Glénat,2004-05-05
HK (NE),Élysée (1.2),2,2723439461,Science-Fiction,Morvan, Jean-David,Hérault, Kevin,Glénat,2005-01-12
HK (NE),Paradiso (1.4),4,2723439488,Science-Fiction,Morvan, Jean-David,Hérault, Kevin,Glénat,2007-01-10
Coma,Vincent,1,2723439593,Fantastique-Etrange,Dupré, Claude,Dupré, Claude,Glénat,2002-11-01
Coma,"Demain, peut-être...",3,2723443256,Fantastique-Etrange,Dupré, Claude,Dupré, Claude,Glénat,2004-03-01
Sambre,La mer vue du purgatoire...,6,2723444295,Drame,Yslaire,,Yslaire,,Glénat,2011-06-15
Captain Biceps,L'invincible,1,2723445771,Humour,Zep,,Tébo,,Glénat,2004-04-01
Titeuf,Nadia se marie,10,2723446646,Humour,Zep,,Zep,,Glénat,2004-08-01
Captain Biceps,Le redoutable,2,2723447499,Humour,Zep,,Tébo,,Glénat,2005-01-01
Best 13 of Golgo 13,Golgo 13 - Le choix des lecteurs,1,2723452158,Mangas - Seinen,Saito, Takao,Saito, Takao,Glénat Manga,2006-04-26
Le Mal,L'Oeil du mur,1,2723452557,Aventures Fantastiques,Py_,,Houot, André,Glénat,2006-06-14
Titeuf,Mes meilleurs copains,11,2723454835,Humour,Zep,,Zep,,Glénat,2006-10-11
Captain Biceps,L'invulnérable,3,2723454886,Humour,Zep,,Tébo,,Glénat,2006-11-07
Il était une fois en France,L'empire de monsieur Joseph,1,2723455807,Historique,Nury, Fabien,Vallée, Sylvain,Glénat,2007-09-01
Le moustiquaire de Berlin,Le moustiquaire de Berlin,,2723456633,Aventures Humoristiques,Lacoeuille, Philippe,Drouin, Paul,Glénat,2007-01-16
Le Mal,Nyctalope,2,2723458628,Aventures Fantastiques,Py_,,Houot, André,Glénat,2007-06-13
Captain Biceps,L'inoxydable,4,2723460673,Humour,Zep,,Tébo,,Glénat,2007-11-14
Back world,Niveau 2,2,2723460711,Polar-Thriller,Corbeyran, Éric,Rollin, Lucien,Glénat,2008-10-01
Titeuf,Le sens de la vie,12,2723464482,Humour,Zep,,Zep,,Glénat,2008-08-28
Back world,Niveau 3,3,2723465985,Polar-Thriller,Corbeyran, Éric,Rollin, Lucien,Glénat,2009-09-16
La trilogie Nikopol,Froid équateur,3,2731609834,Science-Fiction,Bilal, Enki,Bilal, Enki,Les Humanoïdes Associés,1992-09-01
Gipsy,L'étoile du Gitan,1,2731610778,Science-Fiction,Smolderen, Thierry,Marini, Enrico,Alpen Publishers,1993-01-01
Les Technopères,La Pré-école Techno,1,2731612312,Science-Fiction,Jodorowsky, Alexandro,Janjetov, Zoran,Les Humanoïdes Associés,1998-04-01
Megalex,L'anomalie,1,2731612967,Science-Fiction,Jodorowsky, Alexandro,Beltran, Fred,Les Humanoïdes Associés,1999-06-01
Les Technopères,L'Ecole pénitentiaire de Nohope,2,2731613769,Science-Fiction,Jodorowsky, Alexandro,Janjetov, Zoran,Les Humanoïdes Associés,1999-11-01
Fides,Opus matrice,1,2731613971,Science-Fiction,Ploy, Anne,Pagot, Didier,Les Humanoïdes Associés,2000-11-01
Megalex,L'ange bossu,2,2731614005,Science-Fiction,Jodorowsky, Alexandro,Beltran, Fred,Les Humanoïdes Associés,2002-04-01
Les Technopères,Planeta Games,3,2731614226,Science-Fiction,Jodorowsky, Alexandro,Janjetov, Zoran,Les Humanoïdes Associés,2000-11-01
L'ancêtre programmé,Le Temps de la conscience,2,2731614242,Science-Fiction,Ploy, Anne,Malnati, Loïc,Les Humanoïdes Associés,2000-10-01
Sanctuaire,USS Nebraska,1,2731614587,Fantastique-Etrange,Dorison, Xavier,Bec, Christophe,Les Humanoïdes Associés,2001-06-01
Les Technopères,"Halkattrazz, l'étoile des bourreaux",4,2731614692,Science-Fiction,Jodorowsky, Alexandro,Janjetov, Zoran,Les Humanoïdes Associés,2002-11-01
L'ancêtre programmé,Le Temps du jugement,3,2731614706,Science-Fiction,Ploy, Anne,Malnati, Loïc,Les Humanoïdes Associés,2002-01-01
Fides,Fines Matrice,2,2731614714,Science-Fiction,Ploy, Anne,Pagot, Didier,Les Humanoïdes Associés,2002-02-01
L'ancêtre programmé,Le Temps de l'éveil,1,2731615222,Science-Fiction,Ploy, Anne,Malnati, Loïc,Les Humanoïdes Associés,1999-09-01
L'ancêtre programmé,Le Temps du savoir,4,2731615427,Science-Fiction,Ploy, Anne,Di Bernardo, Giuseppe,Les Humanoïdes Associés,2004-01-01
Le quatrième pouvoir,Meurtres sur Antiplona,2,2731616229,Science-Fiction,Gimenez, Juan,Gimenez, Juan,Les Humanoïdes Associés,2004-11-01
Je suis légion,Les trois singes,3,2731616628,Aventures Historiques,Nury, Fabien,Cassaday, John,Les Humanoïdes Associés,2007-11-07
Les Technopères,Le Jeu parfait,7,2731617071,Science-Fiction,Jodorowsky, Alexandro,Janjetov, Zoran,Les Humanoïdes Associés,2005-05-12
L'ancêtre programmé,La révélation,5,2731617241,Science-Fiction,Ploy, Anne,Di Bernardo, Giuseppe,Les Humanoïdes Associés,2006-02-01
Carthago,Le lagon de Fortuna,1,2731617853,Anticipation,Bec, Christophe,Henninot, Eric,Les Humanoïdes Associés,2007-03-28
Le quatrième pouvoir,Enfer vert,3,2731617950,Science-Fiction,Gimenez, Juan,Gimenez, Juan,Les Humanoïdes Associés,2006-05-31
Fides,Matricide,5,2731618051,Science-Fiction,Ploy, Anne,Pagot, Didier,Les Humanoïdes Associés,2008-03-05
Le silence de la Terre,Visionary Reality,1,2731661402,Science-Fiction,Ploy, Anne,Damour,,Les Humanoïdes Associés,2002-08-01
Sanctuaire,Le puits des abîmes,2,2731661445,Fantastique-Etrange,Dorison, Xavier,Bec, Christophe,Les Humanoïdes Associés,2002-11-01
Fides,Redemptio,4,2731661518,Science-Fiction,Ploy, Anne,Pagot, Didier,Les Humanoïdes Associés,2005-11-01
Fides,Inferna,3,2731661542,Science-Fiction,Ploy, Anne,Pagot, Didier,Les Humanoïdes Associés,2002-08-01
Les Technopères,La secte des Techno-évêques,5,2731662492,Science-Fiction,Jodorowsky, Alexandro,Janjetov, Zoran,Les Humanoïdes Associés,2003-05-01
Le silence de la Terre,Funny War,2,2731662808,Science-Fiction,Ploy, Anne,Di Bernardo, Giuseppe,Les Humanoïdes Associés,2006-12-05
Je suis légion,Le faune dansant,1,2731663022,Aventures Historiques,Nury, Fabien,Cassaday, John,Les Humanoïdes Associés,2004-06-01
Sanctuaire,Môth,3,2731663081,Fantastique-Etrange,Dorison, Xavier,Bec, Christophe,Les Humanoïdes Associés,2004-09-01
Les Technopères,Les secrets du Techno-Vatican,6,2731663324,Science-Fiction,Jodorowsky, Alexandro,Janjetov, Zoran,Les Humanoïdes Associés,2004-04-21
Dc Flash,Super pouvoirs en promotion,1,2734604701,Comics,Cavalieri, Joey,Gonzales, Adrian,Arédit,1985-07-01
Les Tuniques Bleues (France loisirs),Les hommes de paille / Les bleus en cavale,20,2744131725,Western,Cauvin, Raoul,Lambil, Willy,France Loisirs,1998-01-01
L'Effaceur,"Devise n°1: Clients et victimes, même satisfaction",1,2749300495,Humour,Richez, Hervé,Jenfèvre, Henri,Vents d'Ouest,2003-01-01
L'Effaceur,Devise n°2: mieux vaut tenir que mourir...,2,2749300908,Humour,Richez, Hervé,Jenfèvre, Henri,Glénat,2003-06-01
L'épée de cristal,Le parfum des Grinches,1,2749301173,Héroic - Fantasy,Goupil, Jacky,Crisse, Didier,Vents d'Ouest,2004-05-01
Peter Pan,Destins,6,2749301270,Aventure,Loisel, Régis,Loisel, Régis,Vents d'Ouest,2004-10-26
L'Effaceur,"Devise n°3: A trop monter,on se fait descendre!",3,2749301424,Humour,Richez, Hervé,Jenfèvre, Henri,Glénat,2004-03-01
L'Effaceur,"Devise n°4: Ton prochain, tu ne tueras point. Le suivant, par contre...",4,2749302382,Humour,Richez, Hervé,Jenfèvre, Henri,Vents d'Ouest,2005-09-15
L'Effaceur,"Devise n°5: Qui hait, tue !...",5,2749304105,Humour,Richez, Hervé,Jenfèvre, Henri,Vents d'Ouest,2008-09-24
Le voyage extraordinaire,"Le voyage extraordinaire, Tome 1",1,2749306132,Aventures Fantastiques,Filippi, Denis-Pierre,Camboni, Sylvio,Vents d'Ouest,2012-04-04
Le sourire du clown,"Le sourire du clown, Tome 1",1,2754800026,Drame,Brunschwig, Luc,Hirn, Laurent,Futuropolis,2005-11-22
La guerre des Sambre,"Hugo & Iris, Chapitre 2 - Automne 1830",2,2754801081,Drame,Yslaire,,Bastide, Jean,Glénat - Futuropolis,2008-09-17
Les Légendaires,Coeur du passé,5,2756000906,Héroic - Fantasy,Sobral, Patrick,Sobral, Patrick,Delcourt,2006-03-08
Tatanka,Contamination,2,2756001414,Science-Fiction,Callède, Joël,Sejourne, Gaël,Delcourt,2006-04-19
Les chroniques de Sillage,"Les chroniques de Sillage, Tome 4",4,2756001694,Science-Fiction,Morvan, Jean-David,Collectif,,Delcourt,2006-11-15
Hauteville House,Le steamer fantôme,3,2756002089,Aventures Fantastiques,Duval, Fred,Gioux, Thierry,Delcourt,2006-08-23
Donjon potron-minet,Après la pluie,-84,2756002283,Humour,Sfar, Joann,Blain, Christophe,Delcourt,2006-05-17
La Rose écarlate,Je veux que tu m'aimes !,2,2756002313,Aventure,Lyfoung, Patricia,Lyfoung, Patricia,Delcourt,2006-06-07
Le régulateur,Ophidia,3,2756002631,Fantastique-Etrange,Corbeyran, Éric,Moreno, Marc,Delcourt,2006-06-14
Le chant des Stryges,Manipulations,10,2756002682,Aventures Fantastiques,Corbeyran, Éric,Guérineau, Richard,Delcourt,2006-09-13
Les Légendaires,Main du futur,6,2756002925,Héroic - Fantasy,Sobral, Patrick,Sobral, Patrick,Delcourt,2006-10-04
Sillage,Infiltrations,9,2756003034,Science-Fiction,Morvan, Jean-David,Buchet, Philippe,Delcourt,2006-09-27
Les chroniques de Sillage,"Les chroniques de Sillage, Tome 5",5,2756003042,Science-Fiction,Morvan, Jean-David,Collectif,,Delcourt,2008-03-19
Small Gods,Small Gods,0,2756003123,Comics,Rand, Jason,Ferreyra, Juan E.,Delcourt,2006-08-23
Les chroniques de Sillage,"Les chroniques de Sillage, Tome 6",6,2756003158,Science-Fiction,Morvan, Jean-David,Collectif,,Delcourt,2008-11-26
De cape et de crocs,Le maître d'armes,8,2756003182,Aventures Humoristiques,Ayroles, Alain,Masbou, Jean-Luc,Delcourt,2007-11-20
Volunteer,"Volunteer, Tome 3",3,2756003239,Fantastique-Etrange,Sevestre, Muriel,Springer, Benoît,Delcourt,2006-11-02
Donjon crépuscule,Les nouveaux centurions,105,2756003409,Humour,Trondheim, Lewis,Kerascoët,,Delcourt,2006-10-04
Chasseurs de dragons,Un dragon comme pas deux,1,2756003573,Aventures Humoristiques,Turner, Laurent,Venant, Mathieu,Delcourt,2006-09-13
Alim le tanneur,La terre du prophète pâle,3,2756003697,Fantastique-Etrange,Lupano, Wilfrid,Augustin, Virginie,Delcourt,2007-12-03
Tatanka,Mutation,3,2756003743,Science-Fiction,Callède, Joël,Sejourne, Gaël,Delcourt,2007-02-14
Caravane (Milhiet),Mila,1,2756004073,Aventure,Milhiet, Olivier,Milhiet, Olivier,Delcourt,2008-04-02
Sept,Sept prisonniers,7,2756004715,Aventure,Gabella, Mathieu,Tandiang, Patrick,Delcourt,2009-02-18
Les Légendaires,Aube et crépuscule,7,2756005320,Héroic - Fantasy,Sobral, Patrick,Sobral, Patrick,Delcourt,2007-03-07
Sillage,Retour de flammes,10,2756005770,Science-Fiction,Morvan, Jean-David,Buchet, Philippe,Delcourt,2007-10-03
Les Légendaires,Griffes et plumes,8,2756005819,Héroic - Fantasy,Sobral, Patrick,Sobral, Patrick,Delcourt,2007-10-24
Donjon zénith,Retour en fanfare,6,2756005967,Aventures Fantastiques,Trondheim, Lewis,Boulet,,Delcourt,2007-11-21
Invincible,La relève,3,2756006211,Comics,Kirkman, Robert,Ottley, Ryan,Delcourt,2006-11-08
Donjon monsters,Le grimoire de l'inventeur,12,2756007765,Humour,Trondheim, Lewis,Keramidas, Nicolas,Delcourt,2008-01-23
Donjon monsters,Le grand animateur,11,2756007773,Humour,Sfar, Joann,Stanislas,,Delcourt,2007-09-05
Le maître de jeu,Ennemi,5,2756009202,Aventures Fantastiques,Corbeyran, Éric,Horne,,Delcourt,2007-03-07
Walking Dead,Cette vie derrière nous,2,2756009725,Comics,Kirkman, Robert,Adlard, Charlie,Delcourt,2007-06-06
Tatanka,Infiltration,4,2756010731,Science-Fiction,Callède, Joël,Sejourne, Gaël,Delcourt,2008-04-02
Les Légendaires,Le cycle d'Anathos : L'Alystory,9,2756011797,Héroic - Fantasy,Sobral, Patrick,Sobral, Patrick,Delcourt,2008-09-10
Sillage,Monde flottant,11,2756011843,Science-Fiction,Morvan, Jean-David,Buchet, Philippe,Delcourt,2008-10-01
Walking Dead,Sains et saufs ?,3,2756012831,Comics,Kirkman, Robert,Adlard, Charlie,Delcourt,2007-11-21
Walking Dead,Amour et mort,4,2756013331,Comics,Kirkman, Robert,Adlard, Charlie,Delcourt,2008-02-06
Walking Dead,Monstrueux,5,2756014680,Comics,Kirkman, Robert,Adlard, Charlie,Delcourt,2008-06-04
Walking Dead,Vengeance,6,2756014699,Comics,Kirkman, Robert,Adlard, Charlie,Delcourt,2008-10-22
Walking Dead,Piégés !,14,2756025062,Comics,Kirkman, Robert,Adlard, Charlie,Delcourt,2011-09-21
Lucky Luke (1ère série - Editions Dupuis),Tortillas pour les Dalton,31,2800101709,Aventures Humoristiques,Goscinny, René,Morris,,Dupuis,1973-01-01
Boule et Bill (Originale Dupuis),Ras le Bill,14,2800105569,Humour,Roba, Jean,Roba, Jean,Dupuis,1977-10-01
Les Femmes en blanc,Les femmes en blanc,1,2800111569,Humour,Cauvin, Raoul,Bercovici, Philippe,Dupuis,1986-01-01
"Gaston Lagaffe (Editions Dupuis - 6 Tomes, R0 à R5)",Le lourd passé de Lagaffe,5,2800114738,Humour,Franquin, André,Franquin, André,Dupuis,1986-11-01
Soda,Un ange trépasse,1,2800115157,Polar-Thriller,Tome,,Warnant, Luc,Dupuis,1987-09-01
Les Femmes en blanc,Superpiquées,3,2800115173,Humour,Cauvin, Raoul,Bercovici, Philippe,Dupuis,1987-09-01
Cédric,Premières classes,1,2800116366,Humour,Cauvin, Raoul,Laudec,,Dupuis,1989-02-01
Le petit Spirou,Dis bonjour à la dame,1,2800117273,Humour,Tome,,Janry,,Dupuis,1990-03-01
Le petit Spirou,Tu veux mon doigt ?,2,2800118377,Humour,Tome,,Janry,,Dupuis,1991-07-01
Les Femmes en blanc,Piquées de grève,9,2800118989,Humour,Cauvin, Raoul,Bercovici, Philippe,Dupuis,1992-03-01
Le petit Spirou,Mais ! qu'est-ce que tu fabriques ?,3,2800119268,Humour,Tome,,Janry,,Dupuis,1992-06-01
Le petit Spirou,Merci qui ?,5,2800121203,Humour,Tome,,Janry,,Dupuis,1994-07-01
Le petit Spirou,N'oublie pas ta capuche !,6,2800122110,Humour,Tome,,Janry,,Dupuis,1996-07-01
Les Tuniques Bleues,Duel dans la Manche,37,2800122277,Western,Cauvin, Raoul,Lambil, Willy,Dupuis,1995-05-01
Les Femmes en blanc,Le drain sifflera trois fois,17,2800125837,Humour,Cauvin, Raoul,Bercovici, Philippe,Dupuis,1998-03-01
Kid Paddle,Full métal casquette,4,2800125942,Jeunesse,Midam,,Midam,,Dupuis,2003-11-01
Kid Paddle,Alien chantilly,5,2800127821,Jeunesse,Midam,,Midam,,Dupuis,2003-11-01
Azrayen',"Azrayen', Tome 2",2,2800128038,Romans Graphiques,Giroud, Frank,Lax,,Dupuis,1999-05-01
Kid Paddle,Rodéo Blork,6,2800129573,Jeunesse,Midam,,Midam,,Dupuis,2003-11-01
Le petit Spirou,C'est pas de ton âge !,9,2800129611,Humour,Tome,,Janry,,Dupuis,2000-06-01
H.A.N.D.,La peau des ombres,1,2800131489,Fantastique-Etrange,Pelot, Pierre,Vegliona, Emmanuel,Dupuis,2002-09-01
Le petit Spirou,Tu ne s'ras jamais grand !,11,2800132922,Humour,Tome,,Janry,,Dupuis,2003-06-01
Cédric,Enfin seuls !,18,2800133538,Humour,Cauvin, Raoul,Laudec,,Dupuis,2003-11-01
Le petit Spirou,C'est du joli !,12,2800133627,Humour,Tome,,Janry,,Dupuis,2005-11-22
Game Over,Blork Raider,1,2800135921,Humour,Collectif,,Midam,,Dupuis,2004-11-01
Le petit Spirou,Fais de beaux rêves !,13,2800138599,Humour,Tome,,Janry,,Dupuis,2007-09-19
Seuls,Le clan du requin,3,2800140496,Aventures Fantastiques,Vehlmann, Fabien,Gazzotti, Bruno,Dupuis,2008-06-03
Alter ego,Fouad,2,2800148780,Polar-Thriller,Renders, Pierre-Paul,Reynès, Mathieu,Dupuis,2011-04-01
Alter ego,Darius,3,2800148810,Polar-Thriller,Renders, Pierre-Paul,Efa,,Dupuis,2011-06-03
Seuls,La quatrième dimension et demie,6,2800150246,Aventures Fantastiques,Vehlmann, Fabien,Gazzotti, Bruno,Dupuis,2011-06-03
Zombillénium,Ressources humaines,2,2800150548,Humour,De Pins, Arthur,De Pins, Arthur,Dupuis,2011-08-26
Les Schtroumpfs,Le schtroumpf financier,16,2803614545,Jeunesse,Peyo,,Peyo,,Le Lombard,2000-01-01
Fantastic Four (100% Marvel),La fin,3,2809400326,Comics,Davis, Alan,Davis, Alan,Panini Comics,2007-12-07
Y le dernier homme,Alliance contre nature,5,2809400555,Comics,Vaughan, Brian K.,Guerra, Pia,Panini Comics,2007-08-23
The Authority : Humains malgré tout,Humains malgré tout,,2809400563,Comics,Ridley, John,Oliver, Ben,Panini Comics,2007-08-23
Supreme Power (Marvel Deluxe),Hyperion vs nighthawk,8,2809401322,Comics,Straczynski, J. Michaël,Frank, Gary,Panini Comics,2007-11-22
1602,Les Fantastick,4,2809401373,Comics,David, Peter Allen,Alixe, Pascual,Panini Comics,2007-12-06
JLA - Justice,"JLA - Justice, Tome 4",4,2809401888,Comics,Krueger, Jim,Ross, Alex,Panini Comics,2008-02-10
Marvel zombies,Evil dead,2,2809402442,Comics Super-héros,Layman, John,Collectif,,Panini Comics,2008-03-27
Y le dernier homme,Entre filles,6,2809402736,Comics,Vaughan, Brian K.,Guerra, Pia,Panini Comics,2008-04-10
Wildcats Version 3.0,Imposition des marques,1,2809402752,Comics,Casey, Joe,Nguyen, Dustin,Panini Comics,2008-04-24
Wisdom,Rudiments de sagesse,1,2809403147,Comics,Cornell, Paul,Hairsine, Trevor,Panini Comics,2008-06-26
Les plus grands super-héros du monde,Les plus grands super-héros du monde,,2809404070,Comics,Ross, Alex,Ross, Alex,Panini Comics,2008-11-13
Y le dernier homme,Le scoop,7,2809404097,Comics,Vaughan, Brian K.,Guerra, Pia,Panini Comics,2008-10-09
The boys,La règle du jeu,1,2809405077,Comics,Ennis, Garth,Robertson, Darick,Panini Comics,2008-09-11
The Authority : Kev,Kev,4,2809408645,Comics,Ennis, Garth,Fabry, Glenn,Panini Comics,2009-10-14
Kick-Ass,Le premier vrai super-héros,1,2809409994,Comics,Millar, Mark,Romita Jr, John,Panini Comics,2010-03-17
The boys,Rien de tel dans le monde entier,10,2809418934,Comics,Ennis, Garth,Robertson, Darick,Panini Comics,2011-05-11
Lobo/the authority - le cahier spécial vacances,Lobo/the authority - le cahier spécial vacances,,2809421366,Comics,Giffen, Keith Ian,Bisley, Simon,Panini Comics,2011-11-09
La nef des fous,Eauxfolles,1,2840550059,Aventures Humoristiques,Turf,,Turf,,Delcourt,1993-02-01
La nef des fous,Pluvior 627,2,2840550253,Aventures Humoristiques,Turf,,Turf,,Delcourt,1994-09-01
De cape et de crocs,Le secret du Janissaire,1,2840550598,Aventures Humoristiques,Ayroles, Alain,Masbou, Jean-Luc,Delcourt,1995-11-01
La nef des fous,Turbulences,3,2840551292,Aventures Humoristiques,Turf,,Turf,,Delcourt,1997-02-01
De cape et de crocs,Pavillon noir !,2,2840551438,Aventures Humoristiques,Ayroles, Alain,Masbou, Jean-Luc,Delcourt,1997-06-01
Le chant des Stryges,Ombres,1,2840551721,Aventures Fantastiques,Corbeyran, Éric,Guérineau, Richard,Delcourt,1997-10-01
Sillage,À feu et à cendres,1,2840551772,Science-Fiction,Morvan, Jean-David,Buchet, Philippe,Delcourt,1998-02-01
Donjon zénith,Coeur de canard,1,2840551977,Aventures Fantastiques,Trondheim, Lewis,Trondheim, Lewis,Delcourt,1998-03-01
Le chant des Stryges,Pièges,2,2840552280,Aventures Fantastiques,Corbeyran, Éric,Guérineau, Richard,Delcourt,1998-11-01
De cape et de crocs,L'archipel du danger,3,2840552361,Aventures Humoristiques,Ayroles, Alain,Masbou, Jean-Luc,Delcourt,1998-09-01
Donjon zénith,Le roi de la bagarre,2,2840552493,Aventures Fantastiques,Trondheim, Lewis,Sfar, Joann,Delcourt,1998-11-01
Watchmen -  Les gardiens,Intégrale Watchmen,,2840552515,Comics,Moore, Alan,Gibbons, Dave,Delcourt,1998-11-01
Sillage,Collection privée,2,2840552604,Science-Fiction,Morvan, Jean-David,Buchet, Philippe,Delcourt,1999-05-31
Tao Bang,Le septième cercle,1,2840552655,Héroic - Fantasy,Pecqueur, Daniel,Blanchard, Fred,Delcourt,1999-02-01
Batman - Dark Knight,Intégrale Batman Dark Knight,,2840552906,Comics,Miller, Frank,Miller, Frank,Delcourt,1999-03-01
Le chant des Stryges,Emprises,3,2840553023,Aventures Fantastiques,Corbeyran, Éric,Guérineau, Richard,Delcourt,1999-08-01
Donjon zénith,La princesse des barbares,3,2840553139,Aventures Fantastiques,Trondheim, Lewis,Trondheim, Lewis,Delcourt,2000-02-29
Baker Street,Sherlock Holmes n'a peur de rien,1,2840553511,Humour,Veys, Pierre,Barral, Nicolas,Delcourt,1999-04-01
Donjon crépuscule,Le cimetière des dragons,101,2840553619,Humour,Sfar, Joann,Sfar, Joann,Delcourt,1999-04-01
Le maître de jeu,Testament,1,2840554143,Aventures Fantastiques,Corbeyran, Éric,Charlet, Grégory,Delcourt,2000-03-01
Donjon potron-minet,La chemise de la nuit,-99,2840554232,Humour,Sfar, Joann,Blain, Christophe,Delcourt,1999-11-30
Sillage,Engrenages,3,2840554488,Science-Fiction,Morvan, Jean-David,Buchet, Philippe,Delcourt,2000-08-01
Le chant des Stryges,Expériences,4,2840554496,Aventures Fantastiques,Corbeyran, Éric,Guérineau, Richard,Delcourt,2000-06-01
Baker Street,Le club des sports dangereux,2,2840554550,Humour,Veys, Pierre,Barral, Nicolas,Delcourt,2001-01-01
La nef des fous,Au turf,4,2840554569,Aventures Humoristiques,Turf,,Turf,,Delcourt,2001-02-01
Tao Bang,L'île aux sirènes,2,2840554577,Héroic - Fantasy,Vatine, Olivier,Blanchard, Fred,Delcourt,2005-01-19
Donjon crépuscule,Le volcan des Vaucanson,102,2840554925,Humour,Sfar, Joann,Sfar, Joann,Delcourt,2001-03-15
Spoogue,Kougna,1,2840555433,Héroic - Fantasy,Milhiet, Olivier,Milhiet, Olivier,Delcourt,2001-05-01
Le maître de jeu,Prémonition,2,2840555514,Aventures Fantastiques,Corbeyran, Éric,Charlet, Grégory,Delcourt,2001-02-01
Donjon potron-minet,Un justicier dans l'ennui,-98,2840555697,Humour,Sfar, Joann,Blain, Christophe,Delcourt,2001-04-17
Donjon parade,Un donjon de trop,1,2840555727,Humour,Trondheim, Lewis,Larcenet, Manu,Delcourt,2000-09-08
De cape et de crocs,Jean Sans Lune,5,2840555786,Aventures Humoristiques,Ayroles, Alain,Masbou, Jean-Luc,Delcourt,2002-09-01
Donjon monsters,Jean-Jean la terreur,1,2840555964,Humour,Sfar, Joann,Mazan,,Delcourt,2001-05-17
Le chant des Stryges,Vestiges,5,2840556472,Aventures Fantastiques,Corbeyran, Éric,Guérineau, Richard,Delcourt,2001-05-01
Donjon monsters,Le géant qui pleure,2,2840556529,Humour,Sfar, Joann,Menu, Jean-Christophe,Delcourt,2001-11-16
Sillage,Le signe des démons,4,2840556707,Science-Fiction,Morvan, Jean-David,Buchet, Philippe,Delcourt,2001-09-01
Donjon parade,Le sage du ghetto,2,2840556936,Humour,Trondheim, Lewis,Larcenet, Manu,Delcourt,2001-09-24
Donjon monsters,La carte majeure,3,2840557010,Humour,Sfar, Joann,Andréas,,Delcourt,2002-11-01
Volunteer,"Volunteer, Tome 1",1,2840557193,Fantastique-Etrange,Sevestre, Muriel,Springer, Benoît,Delcourt,2002-08-01
Donjon crépuscule,Armaggedon,103,2840557312,Humour,Sfar, Joann,Sfar, Joann,Delcourt,2002-08-29
Donjon potron-minet,Une jeunesse qui s'enfuit,-97,2840557320,Humour,Sfar, Joann,Blain, Christophe,Delcourt,2003-05-23
Donjon zénith,Sortilège et avatar,4,2840557339,Aventures Fantastiques,Trondheim, Lewis,Trondheim, Lewis,Delcourt,2002-02-15
Donjon zénith,Un mariage à part,5,2840557347,Aventures Fantastiques,Sfar, Joann,Boulet,,Delcourt,2006-06-14
Le maître de jeu,Matrice,3,2840557355,Aventures Fantastiques,Corbeyran, Éric,Charlet, Grégory,Delcourt,2002-04-01
Le chant des Stryges,Existences,6,2840557363,Aventures Fantastiques,Corbeyran, Éric,Guérineau, Richard,Delcourt,2002-04-01
Sillage,"'J.VJ,..'_",5,2840557487,Science-Fiction,Morvan, Jean-David,Buchet, Philippe,Delcourt,2002-06-01
Spoogue,Bourak,2,2840558165,Héroic - Fantasy,Milhiet, Olivier,Milhiet, Olivier,Delcourt,2002-10-01
Le régulateur,Hestia,2,2840558203,Fantastique-Etrange,Corbeyran, Éric,Moreno, Marc,Delcourt,2004-05-19
Donjon parade,Le jour des crapauds,3,2840558211,Humour,Trondheim, Lewis,Larcenet, Manu,Delcourt,2002-06-17
La nef des fous,Puzzle,5,2840558386,Aventures Humoristiques,Turf,,Turf,,Delcourt,2005-04-27
Tatanka,Morsure,1,2840558432,Science-Fiction,Callède, Joël,Sejourne, Gaël,Delcourt,2005-06-08
Donjon monsters,Le noir seigneur,4,2840558602,Humour,Sfar, Joann,Blanquet, Stéphane,Delcourt,2003-06-13
Donjon monsters,Du ramdam chez les brasseurs,6,2840558777,Humour,Sfar, Joann,Yoann,,Delcourt,2003-04-18
Hauteville House,Zelda,1,2840558866,Aventures Fantastiques,Duval, Fred,Gioux, Thierry,Delcourt,2004-02-01
Archipel,Le déluge,1,2840559005,Fantastique-Etrange,Corbeyran, Éric,Barbay, Yohan,Delcourt,2003-08-27
Donjon monsters,La nuit du tombeur,5,2840559013,Humour,Sfar, Joann,Vermot Desroches, Jean-Emmanuel,Delcourt,2003-02-17
Jack Sélère,Si tu freines t'es un lâche !,1,2841890007,Humour,Collectif,,Batem,,Kraken,1995-05-01
Universe X,Le poids du passé,1,2845380356,Comics,Ross, Alex,Braithwaite, Doug (Dougie),Panini Comics,2001-05-01
1602,Complots et maléfices,1,2845383037,Comics,Gaiman, Neil,Kubert, Andy,Panini Comics,2004-04-01
Supreme Power (Marvel Deluxe),Contact,1,2845383495,Comics,Straczynski, J. Michaël,Frank, Gary,Panini Comics,2004-10-28
1602,Le secret des Templiers,2,2845383541,Comics,Gaiman, Neil,Kubert, Andy,Panini Comics,2004-08-01
Supreme Power (Marvel Deluxe),Jeux de pouvoir,2,2845384750,Comics,Straczynski, J. Michaël,Frank, Gary,Panini Comics,2005-04-28
Wyrd,La faille,1,2845385374,Science-Fiction,Cerqueira, David,Ormière, Olivier,Panini Comics,2005-12-01
Supreme Power (Marvel Deluxe),Docteur Spectrum,3,2845385382,Comics,Barnes, Sarah (Samm),Foreman, Travel,Panini Comics,2005-09-08
Red Son,Red Son,,2845386036,Comics Super-héros,Millar, Mark,Johnson, Dave,Panini Comics,2005-11-01
Supreme Power (Marvel Deluxe),Haut Commandement,4,2845386338,Comics,Straczynski, J. Michaël,Frank, Gary,Panini Comics,2006-02-10
Supreme Power (Marvel Deluxe),Nighthawk,5,2845387504,Comics,Way, Daniel,Dillon, Steve,Panini Comics,2006-07-13
JLA - Justice,"JLA - Justice, Tome 1",1,2845387520,Comics,Krueger, Jim,Braithwaite, Doug (Dougie),Panini Comics,2006-07-13
Supreme Power (Marvel Deluxe),Hyperion,6,2845388381,Comics,Straczynski, J. Michaël,Jurgens, Dan,Panini Comics,2006-11-24
Top 10,The Forty-niners,,2845388438,Comics,Moore, Alan,Ha, Gene,Panini Comics,2006-11-10
Y le dernier homme,Un petit pas,3,2845388535,Comics,Vaughan, Brian K.,Guerra, Pia,Panini Comics,2006-12-07
The Filth,The Filth,,2845388861,Comics,Morrison, Grant,Weston, Chris,Panini Comics,2007-02-22
Supreme Power (Marvel Deluxe),Premiers pas,7,2845389213,Comics,Straczynski, J. Michaël,Frank, Gary,Panini Comics,2007-03-22
Y le dernier homme,Stop / Encore,4,2845389558,Comics,Vaughan, Brian K.,Guerra, Pia,Panini Comics,2007-04-12
Marvel zombies,La famine,1,2845389973,Comics Super-héros,Kirkman, Robert,Phillips, Sean,Panini Comics,2007-06-14
Trolls de Troy,Le feu occulte,4,2845650000,Héroic - Fantasy,Arleston, Christophe,Mourier, Jean-Louis,Soleil Productions,2000-06-01
Moréa,L'échine du dragon,2,2845650191,Science-Fiction,Arleston, Christophe,Labrosse, Thierry,Soleil Productions,2002-06-01
Slhoka,L'île oubliée,1,2845650310,Science-Fiction,Godderidge, Ulrig,Floch, Adrien,Soleil Productions,2001-09-01
Kookaburra,Système Ragnarok,4,2845650442,Science-Fiction,Crisse, Didier,Mitric, Nicolas,Soleil Productions,2004-08-24
Jla (Soleil),Terre 2,1,2845650914,Comics,Morrison, Grant,Quitely, Frank,Soleil Productions,2000-11-01
Wildcats X-Men,Les temps modernes,3,2845651015,Comics,Robinson, James Dale,Hughes, Adam,Soleil Productions,2000-11-01
Lanfeust de Troy,La bête fabuleuse,8,2845651104,Héroic - Fantasy,Arleston, Christophe,Tarquin, Didier,Soleil Productions,2001-01-01
Jla (Soleil),Ascension,2,2845651430,Comics,Waid, Mark,Hitch, Bryan,Soleil Productions,2001-05-01
Atalante,Nautiliaa,2,2845651597,Héroic - Fantasy,Crisse, Didier,Crisse, Didier,Soleil Productions,2002-02-01
Trolls de Troy,Les maléfices de la thaumaturge,5,2845651767,Héroic - Fantasy,Arleston, Christophe,Mourier, Jean-Louis,Soleil Productions,2001-08-01
Sky-doll,Aqua,2,2845652097,Science-Fiction,Barbucci, Alessandro,Barbucci, Alessandro,Soleil Productions,2002-04-01
Lanfeust des étoiles,"Un, deux... Troy",1,2845652216,Héroic - Fantasy,Arleston, Christophe,Tarquin, Didier,Soleil Productions,2001-12-01
Kookaburra Universe,Le secret du sniper,1,2845652313,Science-Fiction,Crisse, Didier,Mitric, Nicolas,Soleil Productions,2002-09-01
Sky-doll,La ville jaune,1,2845652917,Science-Fiction,Canepa, Barbara,Barbucci, Alessandro,Soleil Productions,2001-02-01
Moréa,Le sang des anges,1,2845653123,Science-Fiction,Arleston, Christophe,Labrosse, Thierry,Soleil Productions,2002-06-01
Trolls de Troy,Trolls dans la brume,6,2845653735,Héroic - Fantasy,Arleston, Christophe,Mourier, Jean-Louis,Soleil Productions,2002-09-01
Monster allergy,Coup de poudre,1,2845653751,Humour,Artibani, Francesco,Barbucci, Alessandro,Soleil Productions,2003-03-01
Lanfeust des étoiles,Les tours de Meirrion,2,2845654057,Héroic - Fantasy,Arleston, Christophe,Tarquin, Didier,Soleil Productions,2003-03-01
Les seigneurs d'Agartha,La Dette,1,2845654103,Héroic - Fantasy,Plongeon, Isabelle,Briones, Philippe,Soleil Productions,2002-12-01
Le seigneur d'ombre,Le grimoire d'Haleth,1,2845654138,Héroic - Fantasy,Istin, Jean-Luc,Dim D,,Soleil Productions,2003-06-01
Tom & Nina,De quelle planete tu viens ?!,1,2845654197,Aventure,Dutto, Olivier,Dutto, Olivier,Soleil Productions,2002-11-01
Monster allergy,La pyramide des invulnérables,2,2845654200,Humour,Artibani, Francesco,Rigano, Giovanni,Soleil Productions,2003-06-01
Les seigneurs d'Agartha,L'oracle,2,2845654537,Héroic - Fantasy,Plongeon, Isabelle,Briones, Philippe,Soleil Productions,2003-04-01
Légende,L'enfant loup,1,2845654650,Fantastique-Etrange,Swolfs, Yves,Swolfs, Yves,Soleil Productions,2003-05-01
Kookaburra Universe,Taman Kha,2,2845654715,Science-Fiction,Ange,,Paty, Christian,Soleil Productions,2003-08-27
Trolls de Troy,Plume de Sage,7,2845654820,Héroic - Fantasy,Arleston, Christophe,Mourier, Jean-Louis,Soleil Productions,2004-04-28
Moréa,Le feu du temps,3,2845654855,Science-Fiction,Arleston, Christophe,Labrosse, Thierry,Soleil Productions,2004-01-01
Le miroir des Alices,L'ennemie qui est en moi,1,2845654871,Science-Fiction,Kara,,Kara,,Soleil Productions,2003-07-01
Yiu - Premières missions,L'armée des néo-déchets,1,2845656548,Science-Fiction,Vee, Jean-Marc,Vax,,Soleil Productions,2003-11-01
Monster allergy,Magnacat,3,2845656602,Humour,Centomo, Katja,Vetro, Daniela,Soleil Productions,2003-11-01
Lanfeust des étoiles,Les sables d'Abraxar,3,2845656831,Héroic - Fantasy,Arleston, Christophe,Tarquin, Didier,Soleil Productions,2004-01-21
Les conquérants de Troy,Exil à Port-Fleuri,1,2845656866,Héroic - Fantasy,Arleston, Christophe,Tota, Ciro,Soleil Productions,2005-05-25
Sky-doll,La Ville Blanche,3,2845656874,Science-Fiction,Canepa, Barbara,Barbucci, Alessandro,Soleil Productions,2006-01-01
Atalante,Les mystères de Samothrace,3,2845656890,Héroic - Fantasy,Crisse, Didier,Crisse, Didier,Soleil Productions,2003-11-01
Kookaburra Universe,Mano Kha,3,2845657552,Science-Fiction,Ange,,Paty, Christian,Soleil Productions,2004-07-01
Monster allergy,La ville suspendue,4,2845657579,Humour,Centomo, Katja,Campinoti, Paolo,Soleil Productions,2004-03-01
T'Ien Keou,T'Ien Keou,,2845657870,Science-Fiction,Genefort, Laurent,Ponzio, Jean-Michel,Soleil Productions,2004-03-01
Légende,Les forêts profondes,2,2845657927,Fantastique-Etrange,Swolfs, Yves,Swolfs, Yves,Soleil Productions,2004-12-07
Les p'tits diables,C' est pas nous !,2,2845658257,Jeunesse,Dutto, Olivier,Dutto, Olivier,Soleil Productions,2004-04-28
Cross Fire,Opération Judas,1,2845658354,Polar-Thriller,Sala, Jean-Luc,Chan, Pierre-Mony,Soleil Productions,2004-07-01
Belladone,Marie,1,2845658583,Aventure,Ange,,Alary, Pierre,Soleil Productions,2004-09-29
Kookaburra Universe,Skullface,4,2845658648,Science-Fiction,Gaudin, Jean-Charles,Briones, Philippe,Soleil Productions,2004-10-01
Les princes d'Arclan,Lekard,1,2845658656,Aventures Fantastiques,Gaudin, Jean-Charles,Sieurac, Laurent,Soleil Productions,2005-02-01
Lanfeust des étoiles,Les buveurs de mondes,4,2845659008,Héroic - Fantasy,Arleston, Christophe,Tarquin, Didier,Soleil Productions,2004-12-07
Ishanti danseuse sacrée,Les Larmes d'Isis,1,2845659016,Aventures Fantastiques,Crisse, Didier,Crisse, Didier,Soleil Productions,2005-09-28
Les naufragés d'Ythaq,Terra Incognita,1,2845659024,Héroic - Fantasy,Arleston, Christophe,Floch, Adrien,Soleil Productions,2005-07-01
Monster allergy,Monstres en boîte,7,2845659059,Humour,Centomo, Katja,Dalena, Antonello,Soleil Productions,2004-11-01
Elixirs,Le sortilège de Loxullio,1,2845659512,Héroic - Fantasy,Arleston, Christophe,Varanda, Alberto,Soleil Productions,2005-03-23
Zero Absolu,Programme Siberia,1,2845659903,Science-Fiction,Marazano, Richard,Bec, Christophe,Soleil Productions,2006-03-01
Les naufragés d'Ythaq,Ophyde la géminée,2,2845659911,Héroic - Fantasy,Arleston, Christophe,Floch, Adrien,Soleil Productions,2005-11-20
Volunteer,"Volunteer, Tome 2",2,2847890157,Fantastique-Etrange,Sevestre, Muriel,Springer, Benoît,Delcourt,2004-09-01
Donjon monsters,Mon fils le tueur,7,2847890963,Humour,Sfar, Joann,Blutch,,Delcourt,2003-09-19
De cape et de crocs,Luna Incognita,6,2847891129,Aventures Humoristiques,Ayroles, Alain,Masbou, Jean-Luc,Delcourt,2004-04-01
Nävis,Houyo,1,2847891587,Science-Fiction,Morvan, Jean-David,Munuera, José-Luis,Delcourt,2004-02-11
Les chroniques de Sillage,"Les chroniques de Sillage, Tome 1",1,2847893342,Science-Fiction,Morvan, Jean-David,Collectif,,Delcourt,2004-05-19
Donjon monsters,Crève-coeur,8,2847893555,Humour,Sfar, Joann,Nine, Carlos,Delcourt,2004-01-21
Donjon monsters,Les profondeurs,9,2847893563,Humour,Sfar, Joann,Killoffer, Patrice,Delcourt,2004-08-25
Sillage,Q.H.I,7,2847893601,Science-Fiction,Morvan, Jean-David,Buchet, Philippe,Delcourt,2004-08-01
Les Légendaires,La pierre de Jovénia,1,2847894500,Héroic - Fantasy,Sobral, Patrick,Sobral, Patrick,Delcourt,2004-08-25
Le chant des Stryges,Défis,8,2847894608,Aventures Fantastiques,Corbeyran, Éric,Guérineau, Richard,Delcourt,2004-06-16
Les Légendaires,Le Gardien,2,2847894772,Héroic - Fantasy,Sobral, Patrick,Sobral, Patrick,Delcourt,2004-11-17
Donjon parade,Des fleurs et des marmots,4,2847894950,Humour,Trondheim, Lewis,Larcenet, Manu,Delcourt,2004-11-17
Les chroniques de Sillage,"Les chroniques de Sillage, Tome 2",2,2847897186,Science-Fiction,Morvan, Jean-David,Collectif,,Delcourt,2005-03-23
Les Légendaires,Frères ennemis,3,2847897615,Héroic - Fantasy,Sobral, Patrick,Sobral, Patrick,Delcourt,2005-05-11
Hauteville House,Destination Tulum,2,2847897704,Aventures Fantastiques,Duval, Fred,Gioux, Thierry,Delcourt,2005-05-25
Donjon crépuscule,Le dojo du lagon,104,2847897798,Humour,Trondheim, Lewis,Kerascoët,,Delcourt,2005-06-08
La Rose écarlate,Je savais que je te rencontrerais,1,2847897976,Aventure,Lyfoung, Patricia,Lyfoung, Patricia,Delcourt,2005-07-01
Nävis,Girodouss,2,2847898182,Science-Fiction,Morvan, Jean-David,Munuera, José-Luis,Delcourt,2005-08-24
Les chroniques de Sillage,"Les chroniques de Sillage, Tome 3",3,2847898298,Science-Fiction,Morvan, Jean-David,Collectif,,Delcourt,2006-02-22
Le chant des Stryges,Révélations,9,2847898328,Aventures Fantastiques,Corbeyran, Éric,Guérineau, Richard,Delcourt,2005-08-24
Invincible,Affaires de famille,1,2847898727,Comics,Kirkman, Robert,Walker, Cory,Delcourt,2005-08-24
Sillage,Nature humaine,8,2847899057,Science-Fiction,Morvan, Jean-David,Buchet, Philippe,Delcourt,2005-09-25
Donjon monsters,Des soldats d'honneur,10,2847899073,Humour,Sfar, Joann,Bézian, Frédéric,Delcourt,2006-01-11
Les Légendaires,Le réveil du Kréa-Kaos,4,2847899219,Héroic - Fantasy,Sobral, Patrick,Sobral, Patrick,Delcourt,2005-10-01
De cape et de crocs,Chasseurs de chimères,7,2847899251,Aventures Humoristiques,Ayroles, Alain,Masbou, Jean-Luc,Delcourt,2006-01-11
Alim le tanneur,Le vent de l'exil,2,2847899464,Fantastique-Etrange,Lupano, Wilfrid,Augustin, Virginie,Delcourt,2006-03-15
Ulysse (S. Ferran),La malédiction de Poséidon,1,2848100036,"Contes, légendes et mythes",Ferran, Sébastien,Ferran, Sébastien,Emmanuel Proust Editions,2002-09-01
Les 3 petits cochons,"Les 3 petits cochons, Tome 1",1,2848101210,Humour,Morinière, Aurélien,Tarek,,Emmanuel Proust Editions,2006-01-19
Rising Stars,"Rising Stars, Tome 3",3,2848570156,Comics,Straczynski, J. Michaël,Zanier, Christian,Semic,2003-06-21
Crisis on infinite earths,"Crisis, Tome 4",4,2848570180,Comics,Wolfman, Marv,Pérez, George,Semic,2003-06-01
The Authority (Ed. Semic - Coll. Semic books),"Authority, Tome 2",2,2848570245,Comics,Millar, Mark,Quitely, Frank,Semic,2003-08-01
Y le dernier homme,No man's Land,1,2848570504,Comics,Vaughan, Brian K.,Guerra, Pia,Semic,2004-01-01
The Authority (Ed. Semic - Coll. Semic books),"Authority, Tome 3",3,2848570512,Comics,Millar, Mark,Quitely, Frank,Semic,2004-02-01
Jla,Justice & Liberté,0,2848570652,Comics,Dini, Paul,Ross, Luke,Semic,2004-04-28
The Authority (Ed. Semic - Coll. Semic books),"Authority, Tome 4",4,2848570741,Comics,Millar, Mark,Adams, Arthur,Semic,2004-05-01
Kingdom Come,Intégrale Kingdom Come,0,2848570784,Comics,Waid, Mark,Ross, Alex,Semic,2004-05-17
Superman (Semic),Superman - Jour de deuil,,2848570911,Comics,Jurgens, Dan,Jurgens, Dan,Semic,2004-08-16
Jla,"JLA, Tome 1",1,2848570962,Comics,Waid, Mark,Porter, Howard,Semic,2004-11-01
Jla,Jla Extinction,0,2848571179,Comics,Kesel, Karl,Immonen, Stuart,Semic,2005-04-01
The Authority (Ed. Semic - Coll. Semic books),"Authority, Tome 5",5,2848571195,Comics,Morrison, Robbie,Turner, Dwayne,Semic,2005-02-01
Walking Dead,"Walking Dead, Tome 1",1,2848571268,Comics,Kirkman, Robert,Moore, Tony,Semic,2005-03-01
Jla,"JLA, Tome 2",2,2848571276,Comics,Waid, Mark,Hitch, Bryan,Semic,2005-04-15
Bad legion,Lamia,1,2849460486,Science-Fiction,Tackian, Nicolas,Ratera, Mike,Soleil Productions,2006-02-22
Monster allergy,Le retour de Zach,9,2849460494,Humour,Centomo, Katja,Nardo, Federico,Soleil Productions,2005-05-24
Trolls de Troy,Rock'n'troll attitude,8,2849460540,Héroic - Fantasy,Arleston, Christophe,Mourier, Jean-Louis,Soleil Productions,2005-06-21
Les princes d'Arclan,Sylène,2,2849460605,Aventures Fantastiques,Gaudin, Jean-Charles,Sieurac, Laurent,Soleil Productions,2005-08-30
Le monde alpha,Initiation,1,2849460699,Science-Fiction,Gajic, Vukasin,Gajic, Vukasin,Soleil Productions,2006-02-22
Les p'tits diables,In-fer-naux !,3,2849460885,Jeunesse,Dutto, Olivier,Dutto, Olivier,Soleil Productions,2005-02-18
Monster allergy,L'abriteur du phare,8,2849460907,Humour,Centomo, Katja,De Martino, Marcello,Soleil Productions,2005-02-01
Moréa,Un parfum d'éternité,4,2849460915,Science-Fiction,Arleston, Christophe,Labrosse, Thierry,Soleil Productions,2005-06-21
Megacity 909,"Megacitiy 909, Tome 1",1,2849461172,Manhwas - Chungnyun (Seinen),Dabb, Andrew,Kang, Kano,Soleil Productions,2005-01-25
Megacity 909,"Megacitiy 909, Tome 2",2,2849461628,Manhwas - Chungnyun (Seinen),Dabb, Andrew,Kang, Kano,Soleil Productions,2005-09-22
Les p'tits diables,Soeur à vendre,6,2849462047,Jeunesse,Dutto, Olivier,Dutto, Olivier,Soleil Productions,2007-05-23
Les p'tits diables,"Attention, frère stupide !",4,2849462462,Jeunesse,Dutto, Olivier,Dutto, Olivier,Soleil Productions,2005-08-01
Lanfeust des étoiles,La chevauchée des bactéries,5,2849463183,Héroic - Fantasy,Arleston, Christophe,Tarquin, Didier,Soleil Productions,2005-12-07
Les princes d'Arclan,Olgo,3,2849463590,Aventures Fantastiques,Gaudin, Jean-Charles,Sieurac, Laurent,Soleil Productions,2006-06-28
Kookaburra K,Big bang baby,1,2849463787,Science-Fiction,Crisse, Didier,Ramos, Humberto,Soleil Productions,2006-03-22
Légende,La grande battue,3,2849463817,Fantastique-Etrange,Swolfs, Yves,Swolfs, Yves,Soleil Productions,2006-04-26
Zero Absolu,A.S.O.R.3 psycho,2,2849464244,Science-Fiction,Marazano, Richard,Bec, Christophe,Soleil Productions,2006-04-01
Les p'tits diables,Que du bonheur !,5,2849464864,Jeunesse,Dutto, Olivier,Dutto, Olivier,Soleil Productions,2006-06-06
Kookaburra Universe,Le serment dakoïd,6,2849464872,Science-Fiction,Mitric, Nicolas,Péru, Olivier,Soleil Productions,2006-06-20
Les naufragés d'Ythaq,Le soupir des étoiles,3,2849464937,Héroic - Fantasy,Arleston, Christophe,Floch, Adrien,Soleil Productions,2006-06-28
Trolls de Troy,Les prisonniers du Darshan,9,2849464988,Héroic - Fantasy,Arleston, Christophe,Mourier, Jean-Louis,Soleil Productions,2006-08-23
Kookaburra,Retour à Terradoes,5,2849465593,Science-Fiction,Crisse, Didier,Mitric, Nicolas,Soleil Productions,2006-09-06
Mygala,Insurrection,2,2849465631,Science-Fiction,Di Giorgio, Jean-François,Genêt, Frédéric,Soleil Productions,2006-09-06
Lanfeust des étoiles,Le râle du flibustier,6,2849466417,Héroic - Fantasy,Arleston, Christophe,Tarquin, Didier,Soleil Productions,2006-12-01
Le syndrome de Caïn,Projet cold fusion,1,2849467073,Aventures Fantastiques,Tackian, Nicolas,Red,,Soleil Productions,2007-01-23
Trolls de Troy,Les enragés du Darshan,10,2849468509,Héroic - Fantasy,Arleston, Christophe,Mourier, Jean-Louis,Soleil Productions,2007-06-20
Dossier tueurs en série,Le vampire de Sacramento,2,2849468983,Polar-Thriller,Mosdi, Thomas,Collectif,,Soleil Productions,2007-09-26
Le syndrome de Caïn,Le conseil des ombres,2,2849469416,Aventures Fantastiques,Tackian, Nicolas,Red,,Soleil Productions,2007-09-26
Péchés mignons,Chasse à l'homme,2,2858150389,Humour,De Pins, Arthur,De Pins, Arthur,Audie,2007-09-14
L'étoffe des zéros,L'étoffe des zéros,1,2858151547,Humour,Héran, Jean-Marc,Héran, Jean-Marc,Audie,1992-04-12
Sous le signe du verso,"Sous le signe du verso, Tome 1",1,2858152012,Humour,Collectif,,Collectif,,Audie,1995-05-10
Litteul Kevin,"Litteul Kevin, Tome 3",3,2858152047,Humour,Coyote,,Coyote,,Audie,1995-11-01
Litteul Kevin,"Litteul Kevin, Tome 4",4,2858152160,Humour,Coyote,,Coyote,,Audie,1996-11-01
Sous le signe du verso,"Sous le signe du verso, Tome 2",2,2858152829,Humour,Collectif,,Collectif,,Audie,2000-04-01
Les superhéros injustement méconnus,Les superhéros injustement méconnus,0,2858152918,Humour,Larcenet, Manu,Larcenet, Manu,Audie,2001-02-01
Guide de la survie en entreprise,Guide de la survie en entreprise,,2858154341,Humour,Larcenet, Manu,Larcenet, Manu,Audie,2005-05-12
Péchés mignons,Péchés mignons,1,2858154937,Humour,De Pins, Arthur,De Pins, Arthur,Audie,2006-09-14
Péchés mignons,Garce Attack !,3,2858158347,Humour,Mazaurette, Maïa,De Pins, Arthur,Audie,2008-11-05
Une aventure d'Astérix le Gaulois ,Le grand fossé,25,2864970007,Aventures Humoristiques,Uderzo, Albert,Uderzo, Albert,Albert-René,1980-04-01
Une aventure d'Astérix le Gaulois ,Le fils d'Astérix,27,2864970112,Aventures Humoristiques,Uderzo, Albert,Uderzo, Albert,Albert-René,1983-10-01
Une aventure d'Astérix le Gaulois ,Astérix chez Rahazade,28,2864970201,Aventures Humoristiques,Uderzo, Albert,Uderzo, Albert,Albert-René,1987-10-01
Une aventure d'Astérix le Gaulois ,La rose et le glaive,29,2864970538,Aventures Humoristiques,Uderzo, Albert,Uderzo, Albert,Albert-René,1991-11-01
Une aventure d'Astérix le Gaulois ,La galère d'Obélix,30,2864970961,Aventures Humoristiques,Uderzo, Albert,Uderzo, Albert,Albert-René,1996-07-01
Une aventure d'Astérix le Gaulois ,Astérix et Latraviata,31,2864971437,Aventures Humoristiques,Uderzo, Albert,Uderzo, Albert,Albert-René,2001-03-01
Astérix (En corse),Astérix gira é volta... à a scola,32,2864971666,Aventures Humoristiques,Uderzo, Albert,Uderzo, Albert,Albert-René,1993-01-01
Une aventure d'Astérix le Gaulois ,Le ciel lui tombe sur la tête,33,2864971704,Aventures Humoristiques,Uderzo, Albert,Uderzo, Albert,Albert-René,2005-10-01
Peter Pan,Londres,1,2869671155,Aventure,Loisel, Régis,Loisel, Régis,Vents d'Ouest,1990-11-01
Peter Pan,Opikanoba,2,2869671911,Aventure,Loisel, Régis,Loisel, Régis,Vents d'Ouest,1992-09-01
Les guides en BD,Le guide du jeune couple,1,2869672500,Humour,Goupil, Jacky,Tybo,,Vents d'Ouest,1993-08-01
Peter Pan,Tempête,3,2869672926,Aventure,Loisel, Régis,Loisel, Régis,Vents d'Ouest,1994-11-01
Pyrénée,Pyrénée,,2869675194,Aventure,Loisel, Régis,Sternis, Philippe,Vents d'Ouest,1998-12-01
Peter Pan,Mains rouges,4,2869675208,Aventure,Loisel, Régis,Loisel, Régis,Vents d'Ouest,1996-09-01
Les guides en BD,Le guide de la retraite,9,2869676107,Humour,Goupil, Jacky,Tybo,,Vents d'Ouest,1997-08-01
Les guides en BD,Le guide de la trentaine,11,2869676891,Humour,Boublin,,Marceau,,Vents d'Ouest,1998-02-01
Peter Pan,Crochet,5,2869678495,Aventure,Loisel, Régis,Loisel, Régis,Vents d'Ouest,2002-01-01
Rapaces,"Rapaces, Tome 2",2,2871292957,Fantastique-Etrange,Dufaux, Jean,Marini, Enrico,Dargaud,2000-05-01
Rapaces,"Rapaces, Tome 1",1,2871293163,Fantastique-Etrange,Dufaux, Jean,Marini, Enrico,Dargaud,2000-01-01
Rapaces,"Rapaces, Tome 3",3,2871293481,Fantastique-Etrange,Dufaux, Jean,Marini, Enrico,Dargaud,2001-05-01
Boule et Bill (Editions Dargaud),Les V'la,25,2871293880,Humour,Roba, Jean,Roba, Jean,Dargaud,2001-10-13
Rapaces,"Rapaces, Tome 4",4,2871294550,Fantastique-Etrange,Dufaux, Jean,Marini, Enrico,Dargaud,2003-08-01
Al' Togo,297 km,1,2871295026,Polar-Thriller,Morvan, Jean-David,Savoia, Sylvain,Dargaud,2003-04-01
Boule et Bill (Editions Dargaud),Quel cirque,29,2871295824,Humour,Collectif,,Verron, Laurent,Dargaud,2003-10-30
Al' Togo,Midi Zuid,2,2871295956,Polar-Thriller,Morvan, Jean-David,Savoia, Sylvain,Dargaud,2004-04-01
Al' Togo,Trajna Policja,3,2871297371,Polar-Thriller,Morvan, Jean-David,Savoia, Sylvain,Dargaud,2005-08-01
Les pionniers du nouveau monde,Le grand dérangement,2,2871350019,Historique,Charles, Jean-François,Charles, Jean-François,Éditions Michel Deligne,1985-01-01
Les larmes de pourpre,Le domaine maléfique,1,2872652442,Fantastique-Etrange,Dupriez, Jean-Louis,Speltens, Olivier,P&T Productions,2003-05-01
Dragon Ball,Kamehameha,2,2876952068,Mangas - Shônen,Toriyama, Akira,Toriyama, Akira,Glénat Manga,1993-06-01
Dragon Ball,L'initiation,3,2876952076,Mangas - Shônen,Toriyama, Akira,Toriyama, Akira,Glénat Manga,1993-09-01
Lanfeust de Troy,L'ivoire du Magohamoth,1,2877642577,Héroic - Fantasy,Arleston, Christophe,Tarquin, Didier,Soleil Productions,1994-09-01
Lanfeust de Troy,Castel Or-Azur,3,2877643948,Héroic - Fantasy,Arleston, Christophe,Tarquin, Didier,Soleil Productions,1996-10-01
Kookaburra,Planète Dakoï,1,2877645630,Science-Fiction,Crisse, Didier,Crisse, Didier,Soleil Productions,1997-02-01
Lanfeust de Troy,Le paladin d'Eckmül,4,2877645665,Héroic - Fantasy,Arleston, Christophe,Tarquin, Didier,Soleil Productions,1996-11-01
Trolls de Troy,Histoires trolles,1,2877645916,Héroic - Fantasy,Arleston, Christophe,Mourier, Jean-Louis,Soleil Productions,1997-06-01
Lanfeust de Troy,Le frisson de l'Haruspice,5,2877646467,Héroic - Fantasy,Arleston, Christophe,Tarquin, Didier,Soleil Productions,1997-10-01
Kookaburra,Secteur WBH3,2,2877646602,Science-Fiction,Crisse, Didier,Crisse, Didier,Soleil Productions,1997-11-01
Trolls de Troy,Le scalp du vénérable,2,2877647129,Héroic - Fantasy,Arleston, Christophe,Mourier, Jean-Louis,Soleil Productions,1998-06-01
Lanfeust de Troy,Cixi impératrice,6,2877647951,Héroic - Fantasy,Arleston, Christophe,Tarquin, Didier,Soleil Productions,1998-10-01
Kookaburra,Projet Équinoxe,3,2877648060,Science-Fiction,Crisse, Didier,Crisse, Didier,Soleil Productions,1998-11-01
Trolls de Troy,Comme un vol de pétaures,3,2877648494,Héroic - Fantasy,Arleston, Christophe,Mourier, Jean-Louis,Soleil Productions,1999-05-01
Lanfeust de Troy,Les pétaures se cachent pour mourir,7,2877649237,Héroic - Fantasy,Arleston, Christophe,Tarquin, Didier,Soleil Productions,1999-11-01
Atalante,Le pacte,1,2877649385,Héroic - Fantasy,Crisse, Didier,Crisse, Didier,Soleil Productions,2000-05-01
Lanfeust de Troy,Thanos l'incongru,2,2877673069,Héroic - Fantasy,Arleston, Christophe,Tarquin, Didier,Soleil Productions,1996-10-01
Nabuchodinosaure,Chroniques de l'apeupréhistoire,2,2882570171,Humour,Herlé,,Widenlocher, Roger,Dargaud,1992-05-12
Nabuchodinosaure,Humo sapiens,4,2882570236,Humour,Herlé,,Widenlocher, Roger,Dargaud,1994-03-01
Gipsy,Les feux de Sibérie,2,2882570341,Science-Fiction,Smolderen, Thierry,Marini, Enrico,Dargaud,1995-06-01
Gipsy,Les yeux noirs,4,2882570384,Science-Fiction,Smolderen, Thierry,Marini, Enrico,Dargaud,1997-09-01
Gipsy,L'aile blanche,5,2882570430,Science-Fiction,Smolderen, Thierry,Marini, Enrico,Dargaud,1999-09-01
Gipsy,Le jour du Tsar,3,2882570465,Science-Fiction,Smolderen, Thierry,Marini, Enrico,Dargaud,1999-09-01
Gipsy,Le rire Aztèque,6,2882570678,Science-Fiction,Smolderen, Thierry,Marini, Enrico,Dargaud,2002-05-01
Lincoln,Châtiment corporel,4,2888900637,Western,Jouvray, Olivier,Jouvray, Jérôme,Paquet,2006-02-08
"Gaston Lagaffe (Editions Dupuis - 19 Tomes, 1997)","Gaston Lagaffe, Tome 19",19,2912536316,Humour,Franquin, André,Franquin, André,Marsu Productions,1999-12-01
Les profs,Interro surprise,1,2912715121,Humour,Erroc,,Pica,,Bamboo Éditions,2000-06-01
Les profs,Loto et colles,2,2912715245,Humour,Erroc,,Pica,,Bamboo Éditions,2001-06-01
Les profs,Tohu-bahut,3,2912715326,Humour,Erroc,,Pica,,Bamboo Éditions,2001-11-01
Les profs,Rentrée des artistes,4,2912715512,Humour,Erroc,,Pica,,Bamboo Éditions,2002-08-01
Le Messager,La sainte lance,1,2912715555,Polar-Thriller,Richez, Hervé,Mig,,Bamboo Éditions,2003-05-01
Les profs,Chute des cours,5,2912715903,Humour,Erroc,,Pica,,Bamboo Éditions,2003-08-01
Le donjon de Naheulbeuk,Coffret Le donjon de Naheulbeuk première saison,1,2913714846,Humour,Poc Lang, John,Poinsot, Marion,Clair de Lune,2006-05-18
Les aventuriers du NHL2987 Survivaure,Le cycle des krygonites C.1,1,2913714900,Humour,Guillois, Franck,Poinsot, Marion,Clair de Lune,2006-05-01
Le donjon de Naheulbeuk,Deuxième saison - Partie 1,3,2913714927,Humour,Poc Lang, John,Poinsot, Marion,Clair de Lune,2006-11-19
Top 10,"Top 10, Tome 1",1,2914082223,Comics,Moore, Alan,Ha, Gene,Semic,2000-10-01
Rising Stars,"Rising Stars, Tome 1",1,2914082428,Comics,Straczynski, J. Michaël,Cha, Keu,Semic,2001-07-01
Crisis on infinite earths,"Crisis, Tome 1",1,2914082487,Comics,Wolfman, Marv,Pérez, George,Semic,2001-08-01
Crisis on infinite earths,"Crisis, Tome 2",2,2914082541,Comics,Wolfman, Marv,Pérez, George,Semic,2002-03-01
Rising Stars,"Rising Stars, Tome 2",2,2914082665,Comics,Straczynski, J. Michaël,Zanier, Christian,Semic,2002-04-15
Crisis on infinite earths,"Crisis, Tome 3",3,2914082797,Comics,Wolfman, Marv,Pérez, George,Semic,2002-08-01
Mygala,Incubation,1,2914235577,Science-Fiction,Di Giorgio, Jean-François,Genêt, Frédéric,Nuclea,2003-04-01
Les carnets du gueuloir,Jos,1,2914401647,Romans Graphiques,Oliv',,Poulos,,petit à petit,2003-05-01
Sinkha,Hyleyn,1,2914409214,Science-Fiction,Patrito, Marco,Patrito, Marco,Éditions USA,2002-08-01
Sinkha,Atmosphere,2,2914409397,Science-Fiction,Patrito, Marco,Patrito, Marco,Éditions USA,2004-05-01
La ligue des gentlemen extraordinaires,Coffret - Les archives secrètes + le film en DVD,,2914409435,Comics,Moore, Alan,O'Neill, Kevin,Éditions USA,2004-11-01
Le Messager,Just before present,2,2915309558,Polar-Thriller,Richez, Hervé,Mig,,Bamboo Éditions,2004-11-24
Les Rugbymen,On va leur mettre les poings sur les yeux !,1,2915309612,Humour,Béka,,Poupard,,Bamboo Éditions,2005-01-01
Les profs,Mise en examen,7,2915309701,Humour,Erroc,,Pica,,Bamboo Éditions,2005-03-09
Le Messager,L'archange,3,2915309914,Polar-Thriller,Richez, Hervé,Mig,,Bamboo Éditions,2005-09-28
Freaks' squeele,"Les chevaliers qui ne font plus ""Ni"" !",2,2916739629,Humour,Maudoux, Florent,Maudoux, Florent,Ankama,2009-03-19
Lucky Luke (2ème série - Editions Dargaud / Lucky Prod / Lucky Comics),Belle Starr,33,2940012776,Aventures Humoristiques,Fauche, Xavier,Morris,,Lucky productions,1995-08-01
Naüja,La Ballade de Raspa,1,2940199744,Aventures Fantastiques,Termens, Toni,Elias, Lee,Paquet,2002-05-01
Lincoln,Crâne de Bois,1,2940199892,Western,Jouvray, Olivier,Jouvray, Jérôme,Paquet,2002-12-01
Naüja,Les voix des ombres,2,2940199906,Aventures Fantastiques,Termens, Toni,Elias, Lee,Paquet,2002-12-01
Lincoln,Indian Tonic,2,2940334269,Western,Jouvray, Olivier,Jouvray, Jérôme,Paquet,2003-12-01
Lincoln,Playground,3,2940334501,Western,Jouvray, Olivier,Jouvray, Jérôme,Paquet,2004-10-05
Lanfeust des étoiles,Le sang des comètes,8,9782302003,Héroic - Fantasy,Arleston, Christophe,Tarquin, Didier,Soleil Productions,2008-11-26
Au guet !,Au guet !,,9782841723,Héroic - Fantasy,Pratchett, Terry,Higgins, Graham,L'Atalante,2007-09-07
Persepolis,Intégrale Persepolis,,9782844142,"Autobiographie, Autofiction",Satrapi, Marjane,Satrapi, Marjane,L'Association,2007-05-23
